tiempo;Hs;He;V;T;
0;4300;700;1.2901763E+03;2.9236696E+02;
2;0;0;1.6510444E+03;3.0278936E+02;
4;0;0;1.1790427E+03;3.2079346E+02;
8;0;0;1.0107163E+03;4.1786903E+02;
12;0;0;1.1966146E+03;4.0947727E+02;
16;0;0;1.3624624E+03;3.6160761E+02;
24;0;0;1.2231626E+03;4.5071584E+02;
48;0;0;1.2640290E+03;3.7895959E+02;
96;0;0;1.4006558E+03;4.7334701E+02;
192;0;0;1.3653057E+03;3.5992704E+02;
288;0;0;1.5730503E+03;3.9738185E+02;
384;0;0;1.1316373E+03;3.5009752E+02;
