tiempo;Hs;He;V;T
0;4300;700;1.1834269E+03;4.2552905E+02
0.0833333;0;0;1.2077678E+03;3.8322508E+02
0.166667;0;0;1.2645235E+03;4.0306873E+02
0.333333;0;0;1.1975982E+03;3.9476898E+02
0.5;0;0;1.1821808E+03;4.0169191E+02
0.666667;0;0;1.3030993E+03;3.8078932E+02
1;0;0;1.2442503E+03;4.0007828E+02
2;0;0;1.2584305E+03;3.8944315E+02
4;0;0;1.3741804E+03;3.4844712E+02
8;0;0;1.5871188E+03;3.4086512E+02
12;0;0;1.4377649E+03;3.1786854E+02
16;0;0;1.4528271E+03;3.1330113E+02
